{"scores": {"10.50.203.165_123": 0, "sontaoran": 100.0, "qwq": 5.0, "awa": 0, "ccc": 0, "cccc": 0, "ccccc": 0}, "modifications": {"10.50.203.165_123": [], "sontaoran": [{"amount": 0.0, "timestamp": 1745228262.5010443, "modify_id": "ffdb9798-14ae-4e87-a5b7-eb75c669a3a7", "punish": false}, {"amount": 100.0, "timestamp": 1745228269.9678698, "modify_id": "38610558-cc85-4256-b18c-7135e04a2cc9", "punish": false}], "qwq": [{"amount": 105.0, "timestamp": 1745228314.7584448, "modify_id": "34345822-ae97-4239-987e-5d4fac67f611", "punish": false}, {"amount": -100.0, "timestamp": 1745228299.169365, "modify_id": "8addd7d6-e092-4ce4-b03e-efc848d72095", "punish": true}], "awa": [], "ccc": [], "cccc": [], "ccccc": []}, "free_amount": {"10.50.203.165_123": 10.0, "qwq": 10.0, "awa": 10.0, "ccc": 10.0, "cccc": 10.0, "ccccc": 10.0}, "free_amount_prev_update": 0.0}