{"scores": {"awa": 433.41074588205834, "qwq": 246.0}, "modifications": {"awa": [{"amount": 456.0, "timestamp": 1745159508.3759797, "modify_id": "44d06f0c-2a5b-4b2e-a54b-552fc91085c1"}, {"amount": -12.589254117941675, "timestamp": 1745161950.8837595, "modify_id": "bf68a60f-a7cc-4652-9ff7-0be389f4a3d3"}, {"amount": -10.0, "timestamp": 1745161944.785013, "modify_id": "fcb82f93-a146-479f-99e4-e5971f134f8c"}], "qwq": [{"amount": 123.0, "timestamp": 1745159508.3778725, "modify_id": "6971ded9-3b75-4c86-a970-02a562019b6c"}]}}