{"scores": {"awa": 433.41074588205834, "qwq": 246.0}, "modifications": {"awa": [{"amount": 456.0, "timestamp": 1745159508.3759797, "modify_id": "44d06f0c-2a5b-4b2e-a54b-552fc91085c1"}, {"amount": -10.0, "timestamp": 1745161944.7829957, "modify_id": "cad7a055-9622-47ab-91ae-d2becbe13fa7"}, {"amount": -12.589254117941675, "timestamp": 1745161950.8831112, "modify_id": "3a4df537-aecc-40cf-8e79-c65bb6440f88"}], "qwq": [{"amount": 123.0, "timestamp": 1745159508.3778725, "modify_id": "6971ded9-3b75-4c86-a970-02a562019b6c"}]}}