{"scores": {"a": 200.0, "b": 200.0, "localhost_123": 0}, "modifications": {"a": [{"amount": 100.0, "timestamp": 1745224335.8547482, "modify_id": "8409ce60-44f2-4f70-b313-517e6b6dac82", "punish": false}, {"amount": 100.0, "timestamp": 1745224335.8562646, "modify_id": "8dfc8245-7e55-4ce4-872e-1e3ad522b1a3", "punish": false}], "b": [{"amount": 100.0, "timestamp": 1745224340.5911214, "modify_id": "35043bd9-9bae-4c19-8001-0f5c40c642b6", "punish": false}, {"amount": 100.0, "timestamp": 1745224340.5919125, "modify_id": "d348e889-c2cf-4db4-a566-afc067487604", "punish": false}], "localhost_123": []}, "free_amount": {"localhost_123": 10.0}, "free_amount_prev_update": 0.0}